{
    "ublVersion": "2.1",
    "tipoDoc": "03",
    "serie": "B001",
    "correlativo": "1",
    "fechaEmision": {
        "date": "2025-03-04 03:12:27.914872",
        "timezone_type": 3,
        "timezone": "UTC"
    },
    "company": {
        "ruc": "20123456789",
        "razonSocial": "GREENTER S.A.C.",
        "nombreComercial": "GREENTER",
        "address": {
            "ubigueo": "150101",
            "codigoPais": "PE",
            "departamento": "LIMA",
            "provincia": "LIMA",
            "distrito": "LIMA",
            "urbanizacion": "CASUARINAS",
            "direccion": "AV NEW DEÁL 123",
            "codLocal": "0000"
        },
        "email": "admin@greenter.com",
        "telephone": "01-234455"
    },
    "client": {
        "tipoDoc": "1",
        "numDoc": "20203030",
        "rznSocial": "PERSON 1",
        "address": null,
        "email": null,
        "telephone": null
    },
    "tipoMoneda": "PEN",
    "sumOtrosCargos": null,
    "mtoOperGravadas": 100,
    "mtoOperInafectas": null,
    "mtoOperExoneradas": null,
    "mtoOperExportacion": null,
    "mtoOperGratuitas": null,
    "mtoIGVGratuitas": null,
    "mtoIGV": 18,
    "mtoBaseIvap": null,
    "mtoIvap": null,
    "mtoBaseIsc": null,
    "mtoISC": null,
    "mtoBaseOth": null,
    "mtoOtrosTributos": null,
    "icbper": null,
    "totalImpuestos": 18,
    "redondeo": null,
    "mtoImpVenta": 118,
    "details": [
        {
            "unidad": "NIU",
            "cantidad": 2,
            "codProducto": "C023",
            "codProdSunat": null,
            "codProdGS1": null,
            "descripcion": "PROD 1",
            "mtoValorUnitario": 50,
            "cargos": null,
            "descuentos": null,
            "descuento": null,
            "mtoBaseIgv": 100,
            "porcentajeIgv": 18,
            "igv": 18,
            "tipAfeIgv": "10",
            "mtoBaseIsc": null,
            "porcentajeIsc": null,
            "isc": null,
            "tipSisIsc": null,
            "mtoBaseOth": null,
            "porcentajeOth": null,
            "otroTributo": null,
            "icbper": null,
            "factorIcbper": 0.3,
            "totalImpuestos": 18,
            "mtoPrecioUnitario": 59,
            "mtoValorVenta": 100,
            "mtoValorGratuito": null,
            "atributos": null
        }
    ],
    "legends": [
        {
            "code": "1000",
            "value": "SON CIENTO DIECIOCHO CON 00\/100 SOLES"
        }
    ],
    "guias": null,
    "relDocs": null,
    "compra": null,
    "formaPago": null,
    "cuotas": null,
    "tipoOperacion": "0101",
    "fecVencimiento": null,
    "sumDsctoGlobal": null,
    "mtoDescuentos": null,
    "sumOtrosDescuentos": null,
    "descuentos": null,
    "cargos": null,
    "mtoCargos": null,
    "totalAnticipos": null,
    "perception": null,
    "guiaEmbebida": null,
    "anticipos": null,
    "detraccion": null,
    "seller": null,
    "valorVenta": 100,
    "subTotal": 118,
    "observacion": null,
    "direccionEntrega": null
}
