{
    "ublVersion": "2.1",
    "tipoDoc": "01",
    "serie": "F001",
    "correlativo": "223",
    "fechaEmision": {
        "date": "2025-03-04 03:13:32.459021",
        "timezone_type": 3,
        "timezone": "UTC"
    },
    "company": {
        "ruc": "20123456789",
        "razonSocial": "GREENTER S.A.C.",
        "nombreComercial": "GREENTER",
        "address": {
            "ubigueo": "150101",
            "codigoPais": "PE",
            "departamento": "LIMA",
            "provincia": "LIMA",
            "distrito": "LIMA",
            "urbanizacion": "CASUARINAS",
            "direccion": "AV NEW DEÁL 123",
            "codLocal": "0000"
        },
        "email": "admin@greenter.com",
        "telephone": "01-234455"
    },
    "client": {
        "tipoDoc": "6",
        "numDoc": "20000000001",
        "rznSocial": "EMPRESA 1 S.A.C.",
        "address": {
            "ubigueo": null,
            "codigoPais": "PE",
            "departamento": null,
            "provincia": null,
            "distrito": null,
            "urbanizacion": null,
            "direccion": "JR. NIQUEL MZA. F LOTE. 3 URB.  INDUSTRIAL INFAÑTAS - LIMA - LIMA -PERU",
            "codLocal": "0000"
        },
        "email": "client@corp.com",
        "telephone": "01-445566"
    },
    "tipoMoneda": "PEN",
    "sumOtrosCargos": null,
    "mtoOperGravadas": 200,
    "mtoOperInafectas": null,
    "mtoOperExoneradas": null,
    "mtoOperExportacion": null,
    "mtoOperGratuitas": null,
    "mtoIGVGratuitas": null,
    "mtoIGV": 36,
    "mtoBaseIvap": null,
    "mtoIvap": null,
    "mtoBaseIsc": null,
    "mtoISC": null,
    "mtoBaseOth": null,
    "mtoOtrosTributos": null,
    "icbper": null,
    "totalImpuestos": 36,
    "redondeo": null,
    "mtoImpVenta": 236,
    "details": [
        {
            "unidad": "NIU",
            "cantidad": 2,
            "codProducto": "P001",
            "codProdSunat": null,
            "codProdGS1": null,
            "descripcion": "PROD 1",
            "mtoValorUnitario": 100,
            "cargos": null,
            "descuentos": null,
            "descuento": null,
            "mtoBaseIgv": 200,
            "porcentajeIgv": 18,
            "igv": 36,
            "tipAfeIgv": "10",
            "mtoBaseIsc": null,
            "porcentajeIsc": null,
            "isc": null,
            "tipSisIsc": null,
            "mtoBaseOth": null,
            "porcentajeOth": null,
            "otroTributo": null,
            "icbper": null,
            "factorIcbper": 0.3,
            "totalImpuestos": 36,
            "mtoPrecioUnitario": 118,
            "mtoValorVenta": 200,
            "mtoValorGratuito": null,
            "atributos": null
        }
    ],
    "legends": [
        {
            "code": "1000",
            "value": "SON TRESCIENTOS TREINTA Y SEIS CON OO\/100 SOLES"
        }
    ],
    "guias": [
        {
            "tipoDoc": "09",
            "nroDoc": "T001-2"
        }
    ],
    "relDocs": null,
    "compra": null,
    "formaPago": {},
    "cuotas": null,
    "tipoOperacion": "0101",
    "fecVencimiento": {
        "date": "2025-03-04 03:13:32.459019",
        "timezone_type": 3,
        "timezone": "UTC"
    },
    "sumDsctoGlobal": null,
    "mtoDescuentos": null,
    "sumOtrosDescuentos": null,
    "descuentos": null,
    "cargos": null,
    "mtoCargos": null,
    "totalAnticipos": null,
    "perception": null,
    "guiaEmbebida": null,
    "anticipos": null,
    "detraccion": null,
    "seller": null,
    "valorVenta": 200,
    "subTotal": 236,
    "observacion": null,
    "direccionEntrega": null
}
