{
    "ublVersion": "2.1",
    "tipoDoc": "01",
    "serie": "FE01",
    "correlativo": "1",
    "fechaEmision": {
        "date": "2025-03-04 03:12:54.026364",
        "timezone_type": 3,
        "timezone": "UTC"
    },
    "company": {
        "ruc": "20123456789",
        "razonSocial": "GREENTER S.A.C.",
        "nombreComercial": "GREENTER",
        "address": {
            "ubigueo": "150101",
            "codigoPais": "PE",
            "departamento": "LIMA",
            "provincia": "LIMA",
            "distrito": "LIMA",
            "urbanizacion": "CASUARINAS",
            "direccion": "AV NEW DEÁL 123",
            "codLocal": "0000"
        },
        "email": "admin@greenter.com",
        "telephone": "01-234455"
    },
    "client": {
        "tipoDoc": "6",
        "numDoc": "20000000001",
        "rznSocial": "EMPRESA 1 S.A.C.",
        "address": {
            "ubigueo": null,
            "codigoPais": "PE",
            "departamento": null,
            "provincia": null,
            "distrito": null,
            "urbanizacion": null,
            "direccion": "JR. NIQUEL MZA. F LOTE. 3 URB.  INDUSTRIAL INFAÑTAS - LIMA - LIMA -PERU",
            "codLocal": "0000"
        },
        "email": "client@corp.com",
        "telephone": "01-445566"
    },
    "tipoMoneda": "PEN",
    "sumOtrosCargos": null,
    "mtoOperGravadas": 66,
    "mtoOperInafectas": null,
    "mtoOperExoneradas": null,
    "mtoOperExportacion": null,
    "mtoOperGratuitas": null,
    "mtoIGVGratuitas": null,
    "mtoIGV": 11.88,
    "mtoBaseIvap": null,
    "mtoIvap": null,
    "mtoBaseIsc": null,
    "mtoISC": null,
    "mtoBaseOth": null,
    "mtoOtrosTributos": null,
    "icbper": null,
    "totalImpuestos": 11.88,
    "redondeo": null,
    "mtoImpVenta": 77.88,
    "details": [
        {
            "unidad": "NIU",
            "cantidad": 10,
            "codProducto": "P001",
            "codProdSunat": null,
            "codProdGS1": null,
            "descripcion": "Cuadernos",
            "mtoValorUnitario": 2,
            "cargos": null,
            "descuentos": [
                {
                    "codTipo": "00",
                    "factor": 0.2,
                    "monto": 4,
                    "montoBase": 20
                }
            ],
            "descuento": null,
            "mtoBaseIgv": 16,
            "porcentajeIgv": 18,
            "igv": 2.88,
            "tipAfeIgv": "10",
            "mtoBaseIsc": null,
            "porcentajeIsc": null,
            "isc": null,
            "tipSisIsc": null,
            "mtoBaseOth": null,
            "porcentajeOth": null,
            "otroTributo": null,
            "icbper": null,
            "factorIcbper": 0.3,
            "totalImpuestos": 2.88,
            "mtoPrecioUnitario": 1.89,
            "mtoValorVenta": 16,
            "mtoValorGratuito": null,
            "atributos": null
        },
        {
            "unidad": "NIU",
            "cantidad": 1,
            "codProducto": "P002",
            "codProdSunat": null,
            "codProdGS1": null,
            "descripcion": "Radio",
            "mtoValorUnitario": 50,
            "cargos": null,
            "descuentos": null,
            "descuento": null,
            "mtoBaseIgv": 50,
            "porcentajeIgv": 18,
            "igv": 9,
            "tipAfeIgv": "10",
            "mtoBaseIsc": null,
            "porcentajeIsc": null,
            "isc": null,
            "tipSisIsc": null,
            "mtoBaseOth": null,
            "porcentajeOth": null,
            "otroTributo": null,
            "icbper": null,
            "factorIcbper": 0.3,
            "totalImpuestos": 9,
            "mtoPrecioUnitario": 59,
            "mtoValorVenta": 50,
            "mtoValorGratuito": null,
            "atributos": null
        }
    ],
    "legends": [
        {
            "code": "1000",
            "value": "SON SETENTA Y SIETE CON 88\/100 SOLES"
        }
    ],
    "guias": null,
    "relDocs": null,
    "compra": null,
    "formaPago": {},
    "cuotas": null,
    "tipoOperacion": "0101",
    "fecVencimiento": null,
    "sumDsctoGlobal": null,
    "mtoDescuentos": null,
    "sumOtrosDescuentos": null,
    "descuentos": null,
    "cargos": null,
    "mtoCargos": null,
    "totalAnticipos": null,
    "perception": null,
    "guiaEmbebida": null,
    "anticipos": null,
    "detraccion": null,
    "seller": null,
    "valorVenta": 66,
    "subTotal": 77.88,
    "observacion": null,
    "direccionEntrega": null
}
