{
    "version": "2022",
    "tipoDoc": "09",
    "serie": "T001",
    "correlativo": "123",
    "observacion": null,
    "fechaEmision": {
        "date": "2025-03-04 03:14:00.864536",
        "timezone_type": 3,
        "timezone": "UTC"
    },
    "company": {
        "ruc": "20161515648",
        "razonSocial": "GREENTER S.A.C.",
        "nombreComercial": null,
        "address": null,
        "email": null,
        "telephone": null
    },
    "destinatario": {
        "tipoDoc": "6",
        "numDoc": "20000000002",
        "rznSocial": "EMPRESA DEST 1",
        "address": null,
        "email": null,
        "telephone": null
    },
    "tercero": null,
    "comprador": null,
    "envio": {
        "codTraslado": "01",
        "desTraslado": null,
        "sustentoPeso": null,
        "indTransbordo": null,
        "indicadores": null,
        "pesoItems": null,
        "pesoTotal": 12.5,
        "undPesoTotal": "KGM",
        "numBultos": null,
        "modTraslado": "02",
        "fecTraslado": {
            "date": "2025-03-04 03:14:00.864377",
            "timezone_type": 3,
            "timezone": "UTC"
        },
        "numContenedor": null,
        "contenedores": null,
        "codPuerto": null,
        "puerto": null,
        "aeropuerto": null,
        "transportista": null,
        "vehiculo": {
            "placa": "ABC123",
            "nroCirculacion": null,
            "codEmisor": null,
            "nroAutorizacion": null,
            "secundarios": [
                {
                    "placa": "ABI456",
                    "nroCirculacion": null,
                    "codEmisor": null,
                    "nroAutorizacion": null,
                    "secundarios": null
                }
            ]
        },
        "choferes": [
            {
                "tipo": "Principal",
                "tipoDoc": "1",
                "nroDoc": "44004400",
                "nombres": "ROBERTO",
                "apellidos": "RODRIGUEZ VALENCIA",
                "licencia": "0001122020"
            }
        ],
        "llegada": {
            "ubigueo": "150101",
            "direccion": "AV LIMA",
            "codLocal": null,
            "ruc": null
        },
        "partida": {
            "ubigueo": "150203",
            "direccion": "AV ITALIA",
            "codLocal": null,
            "ruc": null
        }
    },
    "docBaja": null,
    "relDoc": null,
    "addDocs": null,
    "details": [
        {
            "codigo": "PROD1",
            "descripcion": "PROD 1",
            "unidad": "ZZ",
            "cantidad": 2,
            "codProdSunat": null,
            "atributos": null
        }
    ]
}
