{
    "ublVersion": "2.1",
    "tipoDoc": "07",
    "serie": "FF01",
    "correlativo": "124",
    "fechaEmision": {
        "date": "2025-03-04 03:14:08.647730",
        "timezone_type": 3,
        "timezone": "UTC"
    },
    "company": {
        "ruc": "20123456789",
        "razonSocial": "GREENTER S.A.C.",
        "nombreComercial": "GREENTER",
        "address": {
            "ubigueo": "150101",
            "codigoPais": "PE",
            "departamento": "LIMA",
            "provincia": "LIMA",
            "distrito": "LIMA",
            "urbanizacion": "CASUARINAS",
            "direccion": "AV NEW DEÁL 123",
            "codLocal": "0000"
        },
        "email": "admin@greenter.com",
        "telephone": "01-234455"
    },
    "client": {
        "tipoDoc": "6",
        "numDoc": "20000000001",
        "rznSocial": "EMPRESA 1 S.A.C.",
        "address": {
            "ubigueo": null,
            "codigoPais": "PE",
            "departamento": null,
            "provincia": null,
            "distrito": null,
            "urbanizacion": null,
            "direccion": "JR. NIQUEL MZA. F LOTE. 3 URB.  INDUSTRIAL INFAÑTAS - LIMA - LIMA -PERU",
            "codLocal": "0000"
        },
        "email": "client@corp.com",
        "telephone": "01-445566"
    },
    "tipoMoneda": "PEN",
    "sumOtrosCargos": null,
    "mtoOperGravadas": 200,
    "mtoOperInafectas": null,
    "mtoOperExoneradas": null,
    "mtoOperExportacion": null,
    "mtoOperGratuitas": null,
    "mtoIGVGratuitas": null,
    "mtoIGV": 36,
    "mtoBaseIvap": null,
    "mtoIvap": null,
    "mtoBaseIsc": null,
    "mtoISC": null,
    "mtoBaseOth": null,
    "mtoOtrosTributos": null,
    "icbper": null,
    "totalImpuestos": 36,
    "redondeo": null,
    "mtoImpVenta": 236,
    "details": [
        {
            "unidad": "NIU",
            "cantidad": 2,
            "codProducto": "C023",
            "codProdSunat": null,
            "codProdGS1": null,
            "descripcion": "PROD 1",
            "mtoValorUnitario": 50,
            "cargos": null,
            "descuentos": null,
            "descuento": null,
            "mtoBaseIgv": 100,
            "porcentajeIgv": 18,
            "igv": 18,
            "tipAfeIgv": "10",
            "mtoBaseIsc": null,
            "porcentajeIsc": null,
            "isc": null,
            "tipSisIsc": null,
            "mtoBaseOth": null,
            "porcentajeOth": null,
            "otroTributo": null,
            "icbper": null,
            "factorIcbper": 0.3,
            "totalImpuestos": 18,
            "mtoPrecioUnitario": 56,
            "mtoValorVenta": 100,
            "mtoValorGratuito": null,
            "atributos": null
        },
        {
            "unidad": "NIU",
            "cantidad": 2,
            "codProducto": "C02",
            "codProdSunat": null,
            "codProdGS1": null,
            "descripcion": "PROD 2",
            "mtoValorUnitario": 50,
            "cargos": null,
            "descuentos": null,
            "descuento": null,
            "mtoBaseIgv": 100,
            "porcentajeIgv": 18,
            "igv": 18,
            "tipAfeIgv": "10",
            "mtoBaseIsc": null,
            "porcentajeIsc": null,
            "isc": null,
            "tipSisIsc": null,
            "mtoBaseOth": null,
            "porcentajeOth": null,
            "otroTributo": null,
            "icbper": null,
            "factorIcbper": 0.3,
            "totalImpuestos": 18,
            "mtoPrecioUnitario": 56,
            "mtoValorVenta": 100,
            "mtoValorGratuito": null,
            "atributos": null
        }
    ],
    "legends": [
        {
            "code": "1000",
            "value": "SON DOSCIENTOS TREINTA Y SEIS CON 00\/100 SOLES"
        }
    ],
    "guias": [
        {
            "tipoDoc": "09",
            "nroDoc": "0001-213"
        }
    ],
    "relDocs": null,
    "compra": null,
    "formaPago": {},
    "cuotas": [
        {
            "moneda": null,
            "monto": 236,
            "fechaPago": {
                "date": "2025-03-09 03:14:08.647872",
                "timezone_type": 3,
                "timezone": "UTC"
            }
        }
    ],
    "codMotivo": "13",
    "desMotivo": "DEVOLUCION POR ITEM",
    "tipDocAfectado": "01",
    "numDocfectado": "F001-111",
    "perception": null,
    "valorVenta": null,
    "subTotal": null
}
