{
    "correlativo": "001",
    "fecGeneracion": {
        "date": "2025-03-03 03:14:21.475479",
        "timezone_type": 3,
        "timezone": "UTC"
    },
    "fecResumen": {
        "date": "2025-03-03 03:14:21.475483",
        "timezone_type": 3,
        "timezone": "UTC"
    },
    "moneda": "PEN",
    "company": {
        "ruc": "20123456789",
        "razonSocial": "GREENTER S.A.C.",
        "nombreComercial": "GREENTER",
        "address": {
            "ubigueo": "150101",
            "codigoPais": "PE",
            "departamento": "LIMA",
            "provincia": "LIMA",
            "distrito": "LIMA",
            "urbanizacion": "CASUARINAS",
            "direccion": "AV NEW DEÁL 123",
            "codLocal": "0000"
        },
        "email": "admin@greenter.com",
        "telephone": "01-234455"
    },
    "details": [
        {
            "tipoDoc": "03",
            "serieNro": "0001-1",
            "clienteTipo": "1",
            "clienteNro": "00000000",
            "docReferencia": null,
            "percepcion": null,
            "estado": "3",
            "total": 119.555,
            "mtoOperGravadas": 20,
            "mtoOperInafectas": 24.4,
            "mtoOperExoneradas": 50,
            "mtoOperExportacion": null,
            "mtoOperGratuitas": null,
            "mtoOtrosCargos": 21.555,
            "mtoIGV": 3.6,
            "mtoIvap": null,
            "mtoISC": null,
            "mtoOtrosTributos": null,
            "mtoIcbper": null
        }
    ]
}
