{
    "correlativo": "001",
    "fecGeneracion": {
        "date": "2025-03-01 03:15:27.848674",
        "timezone_type": 3,
        "timezone": "UTC"
    },
    "fecResumen": {
        "date": "2025-03-03 03:15:27.848677",
        "timezone_type": 3,
        "timezone": "UTC"
    },
    "moneda": "PEN",
    "company": {
        "ruc": "20123456789",
        "razonSocial": "GREENTER S.A.C.",
        "nombreComercial": "GREENTER",
        "address": {
            "ubigueo": "150101",
            "codigoPais": "PE",
            "departamento": "LIMA",
            "provincia": "LIMA",
            "distrito": "LIMA",
            "urbanizacion": "CASUARINAS",
            "direccion": "AV NEW DEÁL 123",
            "codLocal": "0000"
        },
        "email": "admin@greenter.com",
        "telephone": "01-234455"
    },
    "details": [
        {
            "tipoDoc": "03",
            "serieNro": "B001-1",
            "clienteTipo": "1",
            "clienteNro": "00000000",
            "docReferencia": null,
            "percepcion": null,
            "estado": "3",
            "total": 129.555,
            "mtoOperGravadas": 20,
            "mtoOperInafectas": 24.4,
            "mtoOperExoneradas": 50,
            "mtoOperExportacion": 10.555,
            "mtoOperGratuitas": null,
            "mtoOtrosCargos": 21,
            "mtoIGV": 3.6,
            "mtoIvap": null,
            "mtoISC": null,
            "mtoOtrosTributos": null,
            "mtoIcbper": null
        },
        {
            "tipoDoc": "07",
            "serieNro": "B001-4",
            "clienteTipo": "1",
            "clienteNro": "00000000",
            "docReferencia": {
                "tipoDoc": "03",
                "nroDoc": "0001-122"
            },
            "percepcion": null,
            "estado": "1",
            "total": 200,
            "mtoOperGravadas": 40,
            "mtoOperInafectas": 120,
            "mtoOperExoneradas": 30,
            "mtoOperExportacion": null,
            "mtoOperGratuitas": null,
            "mtoOtrosCargos": null,
            "mtoIGV": 7.2,
            "mtoIvap": null,
            "mtoISC": 2.8,
            "mtoOtrosTributos": null,
            "mtoIcbper": null
        },
        {
            "tipoDoc": "03",
            "serieNro": "B001-2",
            "clienteTipo": "1",
            "clienteNro": "00000000",
            "docReferencia": null,
            "percepcion": {
                "codReg": "01",
                "tasa": 2,
                "mtoBase": 119,
                "mto": 2.38,
                "mtoTotal": 121.38
            },
            "estado": "1",
            "total": 119,
            "mtoOperGravadas": 20,
            "mtoOperInafectas": 24.4,
            "mtoOperExoneradas": 50,
            "mtoOperExportacion": null,
            "mtoOperGratuitas": null,
            "mtoOtrosCargos": 21,
            "mtoIGV": 3.6,
            "mtoIvap": null,
            "mtoISC": null,
            "mtoOtrosTributos": null,
            "mtoIcbper": null
        }
    ]
}
